{
    "0.0": 0.73036,
    "5.0": 1.45,
    "10.0": 1.4984,
    "15.0": 1.3485,
    "20.0": 1.1458,
    "25.0": 1.0285,
    "30.0": 0.87579,
    "35.0": 0.72506,
    "45.0": 0.52321,
    "60.0": 0.33926,
    "80.0": 0.21509,
    "100.0": 0.13407,
    "120.0": 0.086204,
    "140.0": 0.057235,
    "170.0": 0.033481,
    "200.0": 0.01814,
    "250.0": 0.0060278,
    "350.0": 0.0017241,
    "450.0": 0.00073824
}